{
  "eda": {
    "n_total": 11055,
    "n_features": 30,
    "n_phishing": 6157,
    "n_legitimo": 4898,
    "pct_phishing": 55.69425599276345
  },
  "cv": {
    "Regressão Logística": {
      "acuracia_cv_media": 0.9269557992688601,
      "f1_cv_media": 0.9257655523857216,
      "f1_cv_std": 0.006178991684645331,
      "auc_cv_media": 0.9782070710547357
    },
    "Naive Bayes": {
      "acuracia_cv_media": 0.5975817419536262,
      "f1_cv_media": 0.5612672776674849,
      "f1_cv_std": 0.012454701397226254,
      "auc_cv_media": 0.9662751229185756
    },
    "KNN (k=5)": {
      "acuracia_cv_media": 0.9406374466344556,
      "f1_cv_media": 0.9397686117781001,
      "f1_cv_std": 0.005094803813036059,
      "auc_cv_media": 0.982900678140729
    },
    "Árvore de Decisão": {
      "acuracia_cv_media": 0.961215456195516,
      "f1_cv_media": 0.9606961211420622,
      "f1_cv_std": 0.006401146226277497,
      "auc_cv_media": 0.9713210324474574
    },
    "Random Forest": {
      "acuracia_cv_media": 0.9707152900273538,
      "f1_cv_media": 0.9702705073542122,
      "f1_cv_std": 0.004159145632435391,
      "auc_cv_media": 0.9945060778293902
    },
    "SVM RBF": {
      "acuracia_cv_media": 0.9491180305238132,
      "f1_cv_media": 0.9482980227794574,
      "f1_cv_std": 0.0064710105394038065,
      "auc_cv_media": 0.9878055270474071
    },
    "Gradient Boosting": {
      "acuracia_cv_media": 0.9529634174399877,
      "f1_cv_media": 0.9522442288244545,
      "f1_cv_std": 0.004598783277277487,
      "auc_cv_media": 0.9924083291740354
    }
  },
  "teste": {
    "Regressão Logística": {
      "acuracia": 0.9285391225689733,
      "precisao": 0.9294112778082485,
      "revocacao": 0.9257335996949552,
      "f1": 0.9273144086995168,
      "auc_roc": 0.9808020689998177,
      "tempo_treino": 0.007887840270996094
    },
    "Naive Bayes": {
      "acuracia": 0.5974672094075079,
      "precisao": 0.7620320855614973,
      "revocacao": 0.6385052802599512,
      "f1": 0.5607807687156824,
      "auc_roc": 0.9702083920489398,
      "tempo_treino": 0.0027768611907958984
    },
    "KNN (k=5)": {
      "acuracia": 0.9493441881501583,
      "precisao": 0.9492338916112046,
      "revocacao": 0.9480586548185481,
      "f1": 0.948617158489357,
      "auc_roc": 0.9868930187834679,
      "tempo_treino": 0.0019032955169677734
    },
    "Árvore de Decisão": {
      "acuracia": 0.9710538218000905,
      "precisao": 0.971175141430672,
      "revocacao": 0.970155755234669,
      "f1": 0.9706447597709733,
      "auc_roc": 0.9804522621396243,
      "tempo_treino": 0.00887298583984375
    },
    "Random Forest": {
      "acuracia": 0.9742198100407056,
      "precisao": 0.974672943055082,
      "revocacao": 0.973103002370729,
      "f1": 0.9738411898463292,
      "auc_roc": 0.9977813790016413,
      "tempo_treino": 0.22451496124267578
    },
    "SVM RBF": {
      "acuracia": 0.9516056083220262,
      "precisao": 0.953340064701509,
      "revocacao": 0.9488411611598335,
      "f1": 0.9507465455210913,
      "auc_roc": 0.9893259172068501,
      "tempo_treino": 2.1217949390411377
    },
    "Gradient Boosting": {
      "acuracia": 0.9570330167345092,
      "precisao": 0.9577900423516857,
      "revocacao": 0.9551716706178817,
      "f1": 0.9563528799369122,
      "auc_roc": 0.9938991031018419,
      "tempo_treino": 0.7398049831390381
    }
  },
  "friedman": {
    "chi2": 56.2714285714286,
    "p": 2.565353312793552e-10
  },
  "melhor": {
    "nome": "Random Forest",
    "f1": 0.9738411898463292,
    "auc_roc": 0.9977813790016413
  },
  "pca": {
    "var1": 15.455278449204307,
    "var2": 11.831325868068742
  },
  "importancias_top20": [
    [
      "sslfinal_state",
      0.32861671968557116
    ],
    [
      "url_of_anchor",
      0.2386443913839963
    ],
    [
      "web_traffic",
      0.07213345476329781
    ],
    [
      "having_sub_domain",
      0.06750881394661755
    ],
    [
      "links_in_tags",
      0.04286799810208055
    ],
    [
      "prefix_suffix",
      0.04148254035805479
    ],
    [
      "sfh",
      0.01990408958624422
    ],
    [
      "links_pointing_to_page",
      0.019514372574942512
    ],
    [
      "request_url",
      0.01867092059762858
    ],
    [
      "domain_registration_length",
      0.016303276575542765
    ],
    [
      "age_of_domain",
      0.01604271310159941
    ],
    [
      "having_ip_address",
      0.012843205438971307
    ],
    [
      "google_index",
      0.01268516250836701
    ],
    [
      "dnsrecord",
      0.01259667087337737
    ],
    [
      "page_rank",
      0.011714505936993896
    ],
    [
      "url_length",
      0.008378802699156227
    ],
    [
      "https_token",
      0.0066424911743523714
    ],
    [
      "redirect",
      0.00591656185632957
    ],
    [
      "having_at_symbol",
      0.005453654104266979
    ],
    [
      "submitting_to_email",
      0.005280656961357545
    ]
  ],
  "f1_por_fold": {
    "Regressão Logística": [
      0.919293903074518,
      0.9311198281498085,
      0.9208105041335711,
      0.9346195569760525,
      0.9241213558898808,
      0.9356552753211778,
      0.9230380404768865,
      0.9253354124029497,
      0.9277131891110301,
      0.9159484583213398
    ],
    "Naive Bayes": [
      0.5659359668538225,
      0.5463801158452558,
      0.5671388251138598,
      0.5488589130264293,
      0.5665894098769834,
      0.5802753849284406,
      0.5541958041958042,
      0.582336818372715,
      0.5517191142191142,
      0.5492424242424242
    ],
    "KNN (k=5)": [
      0.9368779380774842,
      0.9425998567915072,
      0.9370493711403538,
      0.9448958625198468,
      0.9471454047281103,
      0.9391537999005204,
      0.93367072362974,
      0.9310592235584048,
      0.9461846234749957,
      0.9390493139600384
    ],
    "Árvore de Decisão": [
      0.9644812528077742,
      0.9667362658299214,
      0.9725377024762614,
      0.9494878739765262,
      0.9564787031710742,
      0.9645047516537206,
      0.9541881086011308,
      0.9611356218869447,
      0.9609773830853523,
      0.9564335479319164
    ],
    "Random Forest": [
      0.9678559198032439,
      0.9689949538135753,
      0.9759886512947524,
      0.9620134621012584,
      0.9690366570798097,
      0.9747773172237411,
      0.9724393082806784,
      0.9724546233543663,
      0.9735950452398485,
      0.9655491353508481
    ],
    "SVM RBF": [
      0.9378595279456586,
      0.959808273462042,
      0.9460593289025774,
      0.9496524545398126,
      0.9460117597375175,
      0.9505782469917505,
      0.9482494175132401,
      0.9436493657366392,
      0.9425493529653373,
      0.9585625
    ],
    "Gradient Boosting": [
      0.9425998567915072,
      0.9574866695489264,
      0.9518648018648018,
      0.9484949400239258,
      0.9586355341350428,
      0.9551756193646108,
      0.9517687894911873,
      0.9494720651812438,
      0.9506065035896436,
      0.9563375082536563
    ]
  }
}